year,sector_id,number_of_jobs,cid
2010,1,7546,11
2010,1,41164,35
2010,1,6499,57
2010,1,12240,49
2010,2,9205,11
2010,2,39098,35
2010,2,5817,57
2010,2,14669,49
2010,3,31349,11
2010,3,111591,35
2010,3,22738,57
2010,3,47473,49
2010,4,10457,11
2010,4,56746,35
2010,4,11586,57
2010,4,20495,49
2010,5,9167,11
2010,5,51983,35
2010,5,12051,57
2010,5,17352,49
2010,6,12864,11
2010,6,79021,35
2010,6,6418,57
2010,6,29577,49
2010,7,37891,11
2010,7,188240,35
2010,7,26147,57
2010,7,59995,49
2010,8,343,11
2010,8,3466,35
2010,8,231,57
2010,8,475,49
2010,9,16193,11
2010,9,72288,35
2010,9,13421,57
2010,9,28459,49
2010,10,7978,11
2010,10,59681,35
2010,10,6050,57
2010,10,9225,49
2010,11,722,11
2010,11,810,35
2010,11,983,57
2010,11,2716,49
2010,12,6090,11
2010,12,30459,35
2010,12,4726,57
2010,12,12017,49
2011,1,7863,11
2011,1,41948,35
2011,1,6554,57
2011,1,12653,49
2011,2,9771,11
2011,2,40591,35
2011,2,6094,57
2011,2,15753,49
2011,3,32276,11
2011,3,114289,35
2011,3,22902,57
2011,3,48911,49
2011,4,10973,11
2011,4,58573,35
2011,4,11834,57
2011,4,21447,49
2011,5,9474,11
2011,5,53132,35
2011,5,12117,57
2011,5,17868,49
2011,6,13526,11
2011,6,81851,35
2011,6,6601,57
2011,6,31062,49
2011,7,39387,11
2011,7,192821,35
2011,7,26600,57
2011,7,62033,49
2011,8,356,11
2011,8,3506,35
2011,8,239,57
2011,8,485,49
2011,9,16770,11
2011,9,73759,35
2011,9,13520,57
2011,9,29428,49
2011,10,8314,11
2011,10,60962,35
2011,10,6143,57
2011,10,9582,49
2011,11,734,11
2011,11,809,35
2011,11,968,57
2011,11,2714,49
2011,12,6356,11
2011,12,31371,35
2011,12,4813,57
2011,12,12492,49
2012,1,8012,11
2012,1,42831,35
2012,1,6613,57
2012,1,13020,49
2012,2,10132,11
2012,2,42192,35
2012,2,6372,57
2012,2,16786,49
2012,3,32493,11
2012,3,117271,35
2012,3,23072,57
2012,3,50169,49
2012,4,11253,11
2012,4,60551,35
2012,4,12084,57
2012,4,22325,49
2012,5,9573,11
2012,5,54412,35
2012,5,12188,57
2012,5,18316,49
2012,6,13898,11
2012,6,84897,35
2012,6,6784,57
2012,6,32440,49
2012,7,40024,11
2012,7,197880,35
2012,7,27059,57
2012,7,63845,49
2012,8,362,11
2012,8,3555,35
2012,8,248,57
2012,8,493,49
2012,9,16977,11
2012,9,75406,35
2012,9,13621,57
2012,9,30292,49
2012,10,8468,11
2012,10,62393,35
2012,10,6238,57
2012,10,9905,49
2012,11,730,11
2012,11,811,35
2012,11,953,57
2012,11,2701,49
2012,12,6483,11
2012,12,32364,35
2012,12,4898,57
2012,12,12922,49
2013,1,8219,11
2013,1,43824,35
2013,1,6700,57
2013,1,13501,49
2013,2,10569,11
2013,2,43916,35
2013,2,6677,57
2013,2,17975,49
2013,3,32946,11
2013,3,120565,35
2013,3,23345,57
2013,3,51861,49
2013,4,11620,11
2013,4,62700,35
2013,4,12387,57
2013,4,23401,49
2013,5,9744,11
2013,5,55835,35
2013,5,12312,57
2013,5,18924,49
2013,6,14377,11
2013,6,88189,35
2013,6,6998,57
2013,6,34110,49
2013,7,40959,11
2013,7,203467,35
2013,7,27638,57
2013,7,66212,49
2013,8,371,11
2013,8,3611,35
2013,8,257,57
2013,8,506,49
2013,9,17313,11
2013,9,77252,35
2013,9,13785,57
2013,9,31418,49
2013,10,8686,11
2013,10,63985,35
2013,10,6359,57
2013,10,10315,49
2013,11,730,11
2013,11,813,35
2013,11,944,57
2013,11,2711,49
2013,12,6660,11
2013,12,33447,35
2013,12,5009,57
2013,12,13465,49
2014,1,8478,11
2014,1,44573,35
2014,1,6815,57
2014,1,13985,49
2014,2,11078,11
2014,2,45408,35
2014,2,7011,57
2014,2,19184,49
2014,3,33591,11
2014,3,123196,35
2014,3,23713,57
2014,3,53564,49
2014,4,12059,11
2014,4,64512,35
2014,4,12742,57
2014,4,24490,49
2014,5,9971,11
2014,5,56949,35
2014,5,12487,57
2014,5,19535,49
2014,6,14946,11
2014,6,91011,35
2014,6,7240,57
2014,6,35799,49
2014,7,42144,11
2014,7,207937,35
2014,7,28331,57
2014,7,68598,49
2014,8,382,11
2014,8,3648,35
2014,8,268,57
2014,8,517,49
2014,9,17750,11
2014,9,78669,35
2014,9,14005,57
2014,9,32558,49
2014,10,8958,11
2014,10,65224,35
2014,10,6507,57
2014,10,10729,49
2014,11,735,11
2014,11,811,35
2014,11,936,57
2014,11,2719,49
2014,12,6879,11
2014,12,34345,35
2014,12,5140,57
2014,12,14013,49
2015,1,8780,11
2015,1,45725,35
2015,1,7015,57
2015,1,14655,49
2015,2,11651,11
2015,2,47327,35
2015,2,7437,57
2015,2,20668,49
2015,3,34398,11
2015,3,126953,35
2015,3,24374,57
2015,3,55975,49
2015,4,12565,11
2015,4,66922,35
2015,4,13257,57
2015,4,25915,49
2015,5,10248,11
2015,5,58581,35
2015,5,12815,57
2015,5,20404,49
2015,6,15600,11
2015,6,94683,35
2015,6,7575,57
2015,6,37983,49
2015,7,43547,11
2015,7,214308,35
2015,7,29379,57
2015,7,71900,49
2015,8,395,11
2015,8,3717,35
2015,8,282,57
2015,8,537,49
2015,9,18275,11
2015,9,80799,35
2015,9,14399,57
2015,9,34127,49
2015,10,9276,11
2015,10,67055,35
2015,10,6737,57
2015,10,11288,49
2015,11,743,11
2015,11,816,35
2015,11,941,57
2015,11,2761,49
2015,12,7134,11
2015,12,35568,35
2015,12,5334,57
2015,12,14749,49
2016,1,9087,11
2016,1,46969,35
2016,1,7241,57
2016,1,15348,49
2016,2,12237,11
2016,2,49362,35
2016,2,7900,57
2016,2,22210,49
2016,3,35204,11
2016,3,130986,35
2016,3,25129,57
2016,3,58459,49
2016,4,13081,11
2016,4,69490,35
2016,4,13829,57
2016,4,27389,49
2016,5,10527,11
2016,5,60338,35
2016,5,13192,57
2016,5,21299,49
2016,6,16265,11
2016,6,98584,35
2016,6,7945,57
2016,6,40243,49
2016,7,44964,11
2016,7,221144,35
2016,7,30550,57
2016,7,75305,49
2016,8,407,11
2016,8,3792,35
2016,8,298,57
2016,8,556,49
2016,9,18807,11
2016,9,83096,35
2016,9,14847,57
2016,9,35749,49
2016,10,9598,11
2016,10,69028,35
2016,10,6993,57
2016,10,11864,49
2016,11,750,11
2016,11,823,35
2016,11,948,57
2016,11,2801,49
2016,12,7391,11
2016,12,36868,35
2016,12,5551,57
2016,12,15512,49
2017,1,9379,11
2017,1,48172,35
2017,1,7473,57
2017,1,15976,49
2017,2,12810,11
2017,2,51376,35
2017,2,8378,57
2017,2,23683,49
2017,3,35938,11
2017,3,134914,35
2017,3,25905,57
2017,3,60696,49
2017,4,13576,11
2017,4,72016,35
2017,4,14420,57
2017,4,28760,49
2017,5,10785,11
2017,5,62043,35
2017,5,13580,57
2017,5,22104,49
2017,6,16908,11
2017,6,102434,35
2017,6,8325,57
2017,6,42358,49
2017,7,46305,11
2017,7,227806,35
2017,7,31756,57
2017,7,78401,49
2017,8,420,11
2017,8,3863,35
2017,8,314,57
2017,8,573,49
2017,9,19305,11
2017,9,85320,35
2017,9,15307,57
2017,9,37221,49
2017,10,9905,11
2017,10,70940,35
2017,10,7258,57
2017,10,12395,49
2017,11,756,11
2017,11,828,35
2017,11,956,57
2017,11,2827,49
2017,12,7638,11
2017,12,38144,35
2017,12,5780,57
2017,12,16211,49
2018,1,9648,11
2018,1,49261,35
2018,1,7696,57
2018,1,16504,49
2018,2,13356,11
2018,2,53284,35
2018,2,8854,57
2018,2,25024,49
2018,3,36569,11
2018,3,138539,35
2018,3,26644,57
2018,3,62548,49
2018,4,14041,11
2018,4,74392,35
2018,4,14997,57
2018,4,29958,49
2018,5,11013,11
2018,5,63607,35
2018,5,13945,57
2018,5,22768,49
2018,6,17512,11
2018,6,106076,35
2018,6,8699,57
2018,6,44221,49
2018,7,47525,11
2018,7,233956,35
2018,7,32927,57
2018,7,81005,49
2018,8,431,11
2018,8,3925,35
2018,8,330,57
2018,8,585,49
2018,9,19749,11
2018,9,87345,35
2018,9,15747,57
2018,9,38462,49
2018,10,10187,11
2018,10,72690,35
2018,10,7516,57
2018,10,12848,49
2018,11,759,11
2018,11,830,35
2018,11,961,57
2018,11,2833,49
2018,12,7864,11
2018,12,39338,35
2018,12,5991,57
2018,12,16815,49
2019,1,9894,11
2019,1,50244,35
2019,1,7895,57
2019,1,16959,49
2019,2,13878,11
2019,2,55096,35
2019,2,9310,57
2019,2,26263,49
2019,3,37106,11
2019,3,141882,35
2019,3,27300,57
2019,3,64117,49
2019,4,14476,11
2019,4,76623,35
2019,4,15531,57
2019,4,31027,49
2019,5,11215,11
2019,5,65038,35
2019,5,14269,57
2019,5,23329,49
2019,6,18080,11
2019,6,109518,35
2019,6,9051,57
2019,6,45892,49
2019,7,48636,11
2019,7,239628,35
2019,7,34004,57
2019,7,83247,49
2019,8,441,11
2019,8,3978,35
2019,8,345,57
2019,8,596,49
2019,9,20146,11
2019,9,89186,35
2019,9,16135,57
2019,9,39531,49
2019,10,10445,11
2019,10,74288,35
2019,10,7750,57
2019,10,13244,49
2019,11,760,11
2019,11,831,35
2019,11,962,57
2019,11,2824,49
2019,12,8076,11
2019,12,40459,35
2019,12,6194,57
2019,12,17342,49
2020,1,10123,11
2020,1,51138,35
2020,1,8064,57
2020,1,17381,49
2020,2,14378,11
2020,2,56821,35
2020,2,9736,57
2020,2,27460,49
2020,3,37570,11
2020,3,144977,35
2020,3,27853,57
2020,3,65566,49
2020,4,14887,11
2020,4,78728,35
2020,4,16013,57
2020,4,32040,49
2020,5,11395,11
2020,5,66355,35
2020,5,14538,57
2020,5,23846,49
2020,6,18619,11
2020,6,112785,35
2020,6,9372,57
2020,6,47485,49
2020,7,49660,11
2020,7,244884,35
2020,7,34961,57
2020,7,85336,49
2020,8,450,11
2020,8,4023,35
2020,8,359,57
2020,8,605,49
2020,9,20506,11
2020,9,90867,35
2020,9,16465,57
2020,9,40526,49
2020,10,10686,11
2020,10,75754,35
2020,10,7956,57
2020,10,13617,49
2020,11,759,11
2020,11,830,35
2020,11,960,57
2020,11,2809,49
2020,12,8271,11
2020,12,41507,35
2020,12,6371,57
2020,12,17837,49
2021,1,10321,11
2021,1,51829,35
2021,1,8188,57
2021,1,17762,49
2021,2,14773,11
2021,2,58066,35
2021,2,10089,57
2021,2,28511,49
2021,3,38142,11
2021,3,147958,35
2021,3,28411,57
2021,3,66831,49
2021,4,15255,11
2021,4,80660,35
2021,4,16431,57
2021,4,33030,49
2021,5,11442,11
2021,5,67252,35
2021,5,14703,57
2021,5,24100,49
2021,6,19225,11
2021,6,116355,35
2021,6,9712,57
2021,6,49425,49
2021,7,50677,11
2021,7,249793,35
2021,7,35794,57
2021,7,87491,49
2021,8,455,11
2021,8,4041,35
2021,8,362,57
2021,8,606,49
2021,9,20795,11
2021,9,92294,35
2021,9,16714,57
2021,9,41412,49
2021,10,10869,11
2021,10,76878,35
2021,10,8135,57
2021,10,13946,49
2021,11,759,11
2021,11,826,35
2021,11,954,57
2021,11,2780,49
2021,12,8461,11
2021,12,42499,35
2021,12,6531,57
2021,12,18331,49
2022,1,10511,11
2022,1,52402,35
2022,1,8294,57
2022,1,18132,49
2022,2,15157,11
2022,2,59186,35
2022,2,10421,57
2022,2,29549,49
2022,3,38678,11
2022,3,150616,35
2022,3,28905,57
2022,3,68059,49
2022,4,15611,11
2022,4,82420,35
2022,4,16813,57
2022,4,34002,49
2022,5,11477,11
2022,5,67994,35
2022,5,14834,57
2022,5,24338,49
2022,6,19820,11
2022,6,119689,35
2022,6,10032,57
2022,6,51339,49
2022,7,51654,11
2022,7,254151,35
2022,7,36546,57
2022,7,89595,49
2022,8,459,11
2022,8,4049,35
2022,8,363,57
2022,8,607,49
2022,9,21064,11
2022,9,93511,35
2022,9,16922,57
2022,9,42272,49
2022,10,11042,11
2022,10,77826,35
2022,10,8293,57
2022,10,14267,49
2022,11,758,11
2022,11,822,35
2022,11,947,57
2022,11,2749,49
2022,12,8642,11
2022,12,43400,35
2022,12,6675,57
2022,12,18813,49
2023,1,10694,11
2023,1,52880,35
2023,1,8386,57
2023,1,18501,49
2023,2,15533,11
2023,2,60206,35
2023,2,10741,57
2023,2,30582,49
2023,3,39185,11
2023,3,153014,35
2023,3,29357,57
2023,3,69272,49
2023,4,15958,11
2023,4,84043,35
2023,4,17172,57
2023,4,34968,49
2023,5,11501,11
2023,5,68615,35
2023,5,14943,57
2023,5,24571,49
2023,6,20405,11
2023,6,122832,35
2023,6,10338,57
2023,6,53246,49
2023,7,52595,11
2023,7,258073,35
2023,7,37250,57
2023,7,91684,49
2023,8,463,11
2023,8,4050,35
2023,8,365,57
2023,8,607,49
2023,9,21318,11
2023,9,94562,35
2023,9,17109,57
2023,9,43122,49
2023,10,11208,11
2023,10,78638,35
2023,10,8439,57
2023,10,14585,49
2023,11,756,11
2023,11,815,35
2023,11,937,57
2023,11,2719,49
2023,12,8819,11
2023,12,44225,35
2023,12,6813,57
2023,12,19293,49
2024,1,10870,11
2024,1,53302,35
2024,1,8468,57
2024,1,18868,49
2024,2,15902,11
2024,2,61163,35
2024,2,11047,57
2024,2,31617,49
2024,3,39669,11
2024,3,155258,35
2024,3,29771,57
2024,3,70488,49
2024,4,16298,11
2024,4,85581,35
2024,4,17509,57
2024,4,35934,49
2024,5,11515,11
2024,5,69161,35
2024,5,15031,57
2024,5,24804,49
2024,6,20983,11
2024,6,125857,35
2024,6,10633,57
2024,6,55158,49
2024,7,53510,11
2024,7,261730,35
2024,7,37904,57
2024,7,93776,49
2024,8,467,11
2024,8,4046,35
2024,8,365,57
2024,8,608,49
2024,9,21561,11
2024,9,95514,35
2024,9,17271,57
2024,9,43978,49
2024,10,11366,11
2024,10,79364,35
2024,10,8576,57
2024,10,14903,49
2024,11,753,11
2024,11,808,35
2024,11,927,57
2024,11,2687,49
2024,12,8993,11
2024,12,45009,35
2024,12,6935,57
2024,12,19777,49
2025,1,11043,11
2025,1,53692,35
2025,1,8538,57
2025,1,19237,49
2025,2,16269,11
2025,2,62088,35
2025,2,11339,57
2025,2,32656,49
2025,3,40134,11
2025,3,157412,35
2025,3,30145,57
2025,3,71708,49
2025,4,16633,11
2025,4,87073,35
2025,4,17826,57
2025,4,36907,49
2025,5,11523,11
2025,5,69666,35
2025,5,15099,57
2025,5,25039,49
2025,6,21558,11
2025,6,128818,35
2025,6,10915,57
2025,6,57076,49
2025,7,54405,11
2025,7,265237,35
2025,7,38509,57
2025,7,95879,49
2025,8,470,11
2025,8,4039,35
2025,8,365,57
2025,8,609,49
2025,9,21792,11
2025,9,96409,35
2025,9,17407,57
2025,9,44833,49
2025,10,11521,11
2025,10,80044,35
2025,10,8702,57
2025,10,15223,49
2025,11,749,11
2025,11,799,35
2025,11,916,57
2025,11,2656,49
2025,12,9161,11
2025,12,45768,35
2025,12,7051,57
2025,12,20259,49
2026,1,11212,11
2026,1,54062,35
2026,1,8598,57
2026,1,19606,49
2026,2,16631,11
2026,2,62993,35
2026,2,11617,57
2026,2,33694,49
2026,3,40587,11
2026,3,159515,35
2026,3,30482,57
2026,3,72925,49
2026,4,16964,11
2026,4,88539,35
2026,4,18118,57
2026,4,37875,49
2026,5,11524,11
2026,5,70146,35
2026,5,15147,57
2026,5,25271,49
2026,6,22131,11
2026,6,131745,35
2026,6,11182,57
2026,6,58992,49
2026,7,55286,11
2026,7,268658,35
2026,7,39066,57
2026,7,97974,49
2026,8,473,11
2026,8,4031,35
2026,8,365,57
2026,8,609,49
2026,9,22015,11
2026,9,97269,35
2026,9,17524,57
2026,9,45689,49
2026,10,11671,11
2026,10,80695,35
2026,10,8816,57
2026,10,15542,49
2026,11,745,11
2026,11,790,35
2026,11,903,57
2026,11,2625,49
2026,12,9329,11
2026,12,46510,35
2026,12,7161,57
2026,12,20741,49
2027,1,11380,11
2027,1,54415,35
2027,1,8647,57
2027,1,19971,49
2027,2,16992,11
2027,2,63877,35
2027,2,11881,57
2027,2,34728,49
2027,3,41029,11
2027,3,161569,35
2027,3,30785,57
2027,3,74129,49
2027,4,17292,11
2027,4,89979,35
2027,4,18390,57
2027,4,38841,49
2027,5,11521,11
2027,5,70603,35
2027,5,15179,57
2027,5,25499,49
2027,6,22702,11
2027,6,134636,35
2027,6,11436,57
2027,6,60902,49
2027,7,56156,11
2027,7,271996,35
2027,7,39577,57
2027,7,100056,49
2027,8,476,11
2027,8,4021,35
2027,8,365,57
2027,8,609,49
2027,9,22233,11
2027,9,98100,35
2027,9,17624,57
2027,9,46538,49
2027,10,11819,11
2027,10,81320,35
2027,10,8920,57
2027,10,15859,49
2027,11,741,11
2027,11,782,35
2027,11,887,57
2027,11,2593,49
2027,12,9496,11
2027,12,47238,35
2027,12,7260,57
2027,12,21221,49
2028,1,11546,11
2028,1,54749,35
2028,1,8688,57
2028,1,20337,49
2028,2,17353,11
2028,2,64742,35
2028,2,12134,57
2028,2,35763,49
2028,3,41463,11
2028,3,163573,35
2028,3,31055,57
2028,3,75332,49
2028,4,17621,11
2028,4,91391,35
2028,4,18641,57
2028,4,39806,49
2028,5,11513,11
2028,5,71035,35
2028,5,15195,57
2028,5,25726,49
2028,6,23273,11
2028,6,137487,35
2028,6,11678,57
2028,6,62813,49
2028,7,57020,11
2028,7,275247,35
2028,7,40048,57
2028,7,102137,49
2028,8,479,11
2028,8,4009,35
2028,8,364,57
2028,8,610,49
2028,9,22448,11
2028,9,98898,35
2028,9,17700,57
2028,9,47386,49
2028,10,11964,11
2028,10,81917,35
2028,10,9015,57
2028,10,16175,49
2028,11,737,11
2028,11,773,35
2028,11,873,57
2028,11,2560,49
2028,12,9660,11
2028,12,47955,35
2028,12,7351,57
2028,12,21698,49
2029,1,11711,11
2029,1,55071,35
2029,1,8721,57
2029,1,20703,49
2029,2,17713,11
2029,2,65594,35
2029,2,12373,57
2029,2,36800,49
2029,3,41892,11
2029,3,165539,35
2029,3,31295,57
2029,3,76542,49
2029,4,17947,11
2029,4,92783,35
2029,4,18875,57
2029,4,40775,49
2029,5,11503,11
2029,5,71450,35
2029,5,15197,57
2029,5,25955,49
2029,6,23846,11
2029,6,140312,35
2029,6,11909,57
2029,6,64731,49
2029,7,57879,11
2029,7,278435,35
2029,7,40480,57
2029,7,104227,49
2029,8,481,11
2029,8,3997,35
2029,8,362,57
2029,8,610,49
2029,9,22656,11
2029,9,99671,35
2029,9,17762,57
2029,9,48237,49
2029,10,12109,11
2029,10,82495,35
2029,10,9100,57
2029,10,16493,49
2029,11,732,11
2029,11,763,35
2029,11,858,57
2029,11,2527,49
2029,12,9826,11
2029,12,48658,35
2029,12,7438,57
2029,12,22181,49
2030,1,11875,11
2030,1,55381,35
2030,1,8747,57
2030,1,21072,49
2030,2,18072,11
2030,2,66434,35
2030,2,12602,57
2030,2,37846,49
2030,3,42315,11
2030,3,167477,35
2030,3,31510,57
2030,3,77763,49
2030,4,18274,11
2030,4,94160,35
2030,4,19094,57
2030,4,41750,49
2030,5,11489,11
2030,5,71853,35
2030,5,15188,57
2030,5,26187,49
2030,6,24420,11
2030,6,143117,35
2030,6,12129,57
2030,6,66662,49
2030,7,58734,11
2030,7,281578,35
2030,7,40877,57
2030,7,106335,49
2030,8,484,11
2030,8,3984,35
2030,8,361,57
2030,8,610,49
2030,9,22863,11
2030,9,100428,35
2030,9,17812,57
2030,9,49098,49
2030,10,12252,11
2030,10,83058,35
2030,10,9179,57
2030,10,16814,49
2030,11,728,11
2030,11,754,35
2030,11,841,57
2030,11,2495,49
2030,12,9988,11
2030,12,49357,35
2030,12,7515,57
2030,12,22667,49
2031,1,12043,11
2031,1,55717,35
2031,1,8774,57
2031,1,21468,49
2031,2,18382,11
2031,2,67025,35
2031,2,12789,57
2031,2,38801,49
2031,3,42767,11
2031,3,169467,35
2031,3,31737,57
2031,3,78926,49
2031,4,18556,11
2031,4,95332,35
2031,4,19260,57
2031,4,42668,49
2031,5,11462,11
2031,5,72020,35
2031,5,15128,57
2031,5,26293,49
2031,6,25072,11
2031,6,146484,35
2031,6,12401,57
2031,6,69019,49
2031,7,59568,11
2031,7,284725,35
2031,7,41255,57
2031,7,108448,49
2031,8,484,11
2031,8,3958,35
2031,8,357,57
2031,8,607,49
2031,9,23079,11
2031,9,101273,35
2031,9,17864,57
2031,9,49974,49
2031,10,12375,11
2031,10,83433,35
2031,10,9230,57
2031,10,17082,49
2031,11,724,11
2031,11,746,35
2031,11,827,57
2031,11,2465,49
2031,12,10156,11
2031,12,50075,35
2031,12,7593,57
2031,12,23179,49
2032,1,12211,11
2032,1,56044,35
2032,1,8797,57
2032,1,21867,49
2032,2,18690,11
2032,2,67606,35
2032,2,12967,57
2032,2,39767,49
2032,3,43210,11
2032,3,171438,35
2032,3,31945,57
2032,3,80111,49
2032,4,18836,11
2032,4,96493,35
2032,4,19414,57
2032,4,43597,49
2032,5,11432,11
2032,5,72174,35
2032,5,15060,57
2032,5,26406,49
2032,6,25724,11
2032,6,149844,35
2032,6,12663,57
2032,6,71397,49
2032,7,60394,11
2032,7,287839,35
2032,7,41605,57
2032,7,110594,49
2032,8,484,11
2032,8,3932,35
2032,8,353,57
2032,8,602,49
2032,9,23290,11
2032,9,102109,35
2032,9,17907,57
2032,9,50867,49
2032,10,12496,11
2032,10,83794,35
2032,10,9277,57
2032,10,17356,49
2032,11,720,11
2032,11,738,35
2032,11,813,57
2032,11,2436,49
2032,12,10318,11
2032,12,50791,35
2032,12,7665,57
2032,12,23697,49
2033,1,12376,11
2033,1,56364,35
2033,1,8815,57
2033,1,22275,49
2033,2,18994,11
2033,2,68179,35
2033,2,13139,57
2033,2,40745,49
2033,3,43644,11
2033,3,173386,35
2033,3,32134,57
2033,3,81322,49
2033,4,19113,11
2033,4,97642,35
2033,4,19557,57
2033,4,44539,49
2033,5,11398,11
2033,5,72315,35
2033,5,14984,57
2033,5,26528,49
2033,6,26375,11
2033,6,153194,35
2033,6,12918,57
2033,6,73796,49
2033,7,61209,11
2033,7,290916,35
2033,7,41931,57
2033,7,112772,49
2033,8,484,11
2033,8,3904,35
2033,8,348,57
2033,8,598,49
2033,9,23495,11
2033,9,102931,35
2033,9,17941,57
2033,9,51777,49
2033,10,12614,11
2033,10,84140,35
2033,10,9318,57
2033,10,17634,49
2033,11,717,11
2033,11,731,35
2033,11,799,57
2033,11,2407,49
2033,12,10480,11
2033,12,51500,35
2033,12,7735,57
2033,12,24223,49
2034,1,12539,11
2034,1,56674,35
2034,1,8830,57
2034,1,22689,49
2034,2,19297,11
2034,2,68742,35
2034,2,13302,57
2034,2,41736,49
2034,3,44069,11
2034,3,175310,35
2034,3,32309,57
2034,3,82556,49
2034,4,19386,11
2034,4,98778,35
2034,4,19691,57
2034,4,45495,49
2034,5,11359,11
2034,5,72442,35
2034,5,14905,57
2034,5,26658,49
2034,6,27025,11
2034,6,156531,35
2034,6,13164,57
2034,6,76218,49
2034,7,62014,11
2034,7,293950,35
2034,7,42237,57
2034,7,114986,49
2034,8,484,11
2034,8,3876,35
2034,8,344,57
2034,8,595,49
2034,9,23695,11
2034,9,103732,35
2034,9,17970,57
2034,9,52701,49
2034,10,12729,11
2034,10,84472,35
2034,10,9354,57
2034,10,17918,49
2034,11,713,11
2034,11,722,35
2034,11,784,57
2034,11,2379,49
2034,12,10642,11
2034,12,52203,35
2034,12,7798,57
2034,12,24757,49
2035,1,12700,11
2035,1,56973,35
2035,1,8842,57
2035,1,23109,49
2035,2,19596,11
2035,2,69293,35
2035,2,13458,57
2035,2,42739,49
2035,3,44487,11
2035,3,177209,35
2035,3,32471,57
2035,3,83814,49
2035,4,19658,11
2035,4,99899,35
2035,4,19816,57
2035,4,46464,49
2035,5,11317,11
2035,5,72556,35
2035,5,14822,57
2035,5,26795,49
2035,6,27675,11
2035,6,159853,35
2035,6,13402,57
2035,6,78663,49
2035,7,62808,11
2035,7,296941,35
2035,7,42527,57
2035,7,117233,49
2035,8,484,11
2035,8,3846,35
2035,8,340,57
2035,8,591,49
2035,9,23891,11
2035,9,104519,35
2035,9,17990,57
2035,9,53639,49
2035,10,12842,11
2035,10,84790,35
2035,10,9388,57
2035,10,18207,49
2035,11,709,11
2035,11,714,35
2035,11,770,57
2035,11,2351,49
2035,12,10800,11
2035,12,52898,35
2035,12,7856,57
2035,12,25301,49
2036,1,12860,11
2036,1,57262,35
2036,1,8850,57
2036,1,23535,49
2036,2,19894,11
2036,2,69834,35
2036,2,13609,57
2036,2,43753,49
2036,3,44896,11
2036,3,179082,35
2036,3,32622,57
2036,3,85093,49
2036,4,19926,11
2036,4,101007,35
2036,4,19935,57
2036,4,47445,49
2036,5,11271,11
2036,5,72656,35
2036,5,14736,57
2036,5,26938,49
2036,6,28322,11
2036,6,163160,35
2036,6,13633,57
2036,6,81127,49
2036,7,63595,11
2036,7,299887,35
2036,7,42799,57
2036,7,119506,49
2036,8,483,11
2036,8,3816,35
2036,8,335,57
2036,8,588,49
2036,9,24083,11
2036,9,105291,35
2036,9,18006,57
2036,9,54591,49
2036,10,12952,11
2036,10,85092,35
2036,10,9419,57
2036,10,18501,49
2036,11,704,11
2036,11,706,35
2036,11,756,57
2036,11,2325,49
2036,12,10960,11
2036,12,53586,35
2036,12,7913,57
2036,12,25846,49
2037,1,13017,11
2037,1,57544,35
2037,1,8858,57
2037,1,23966,49
2037,2,20189,11
2037,2,70363,35
2037,2,13754,57
2037,2,44777,49
2037,3,45298,11
2037,3,180930,35
2037,3,32762,57
2037,3,86388,49
2037,4,20192,11
2037,4,102099,35
2037,4,20046,57
2037,4,48436,49
2037,5,11223,11
2037,5,72744,35
2037,5,14648,57
2037,5,27086,49
2037,6,28969,11
2037,6,166449,35
2037,6,13858,57
2037,6,83611,49
2037,7,64374,11
2037,7,302790,35
2037,7,43059,57
2037,7,121806,49
2037,8,483,11
2037,8,3785,35
2037,8,331,57
2037,8,585,49
2037,9,24270,11
2037,9,106042,35
2037,9,18016,57
2037,9,55553,49
2037,10,13061,11
2037,10,85380,35
2037,10,9446,57
2037,10,18798,49
2037,11,700,11
2037,11,697,35
2037,11,741,57
2037,11,2298,49
2037,12,11115,11
2037,12,54269,35
2037,12,7970,57
2037,12,26400,49
2038,1,13174,11
2038,1,57815,35
2038,1,8861,57
2038,1,24403,49
2038,2,20482,11
2038,2,70883,35
2038,2,13896,57
2038,2,45810,49
2038,3,45694,11
2038,3,182750,35
2038,3,32896,57
2038,3,87704,49
2038,4,20456,11
2038,4,103177,35
2038,4,20153,57
2038,4,49438,49
2038,5,11171,11
2038,5,72818,35
2038,5,14559,57
2038,5,27240,49
2038,6,29615,11
2038,6,169720,35
2038,6,14078,57
2038,6,86116,49
2038,7,65145,11
2038,7,305650,35
2038,7,43307,57
2038,7,124134,49
2038,8,482,11
2038,8,3754,35
2038,8,327,57
2038,8,581,49
2038,9,24455,11
2038,9,106779,35
2038,9,18023,57
2038,9,56531,49
2038,10,13167,11
2038,10,85652,35
2038,10,9473,57
2038,10,19100,49
2038,11,694,11
2038,11,689,35
2038,11,725,57
2038,11,2272,49
2038,12,11271,11
2038,12,54945,35
2038,12,8024,57
2038,12,26958,49
2039,1,13328,11
2039,1,58077,35
2039,1,8865,57
2039,1,24845,49
2039,2,20774,11
2039,2,71392,35
2039,2,14033,57
2039,2,46856,49
2039,3,46083,11
2039,3,184546,35
2039,3,33024,57
2039,3,89038,49
2039,4,20718,11
2039,4,104242,35
2039,4,20255,57
2039,4,50452,49
2039,5,11117,11
2039,5,72880,35
2039,5,14469,57
2039,5,27399,49
2039,6,30261,11
2039,6,172973,35
2039,6,14291,57
2039,6,88644,49
2039,7,65908,11
2039,7,308464,35
2039,7,43544,57
2039,7,126493,49
2039,8,481,11
2039,8,3721,35
2039,8,322,57
2039,8,579,49
2039,9,24634,11
2039,9,107501,35
2039,9,18029,57
2039,9,57520,49
2039,10,13272,11
2039,10,85911,35
2039,10,9496,57
2039,10,19406,49
2039,11,689,11
2039,11,679,35
2039,11,712,57
2039,11,2246,49
2039,12,11427,11
2039,12,55609,35
2039,12,8076,57
2039,12,27525,49
2040,1,13482,11
2040,1,58329,35
2040,1,8868,57
2040,1,25293,49
2040,2,21064,11
2040,2,71889,35
2040,2,14167,57
2040,2,47914,49
2040,3,46467,11
2040,3,186314,35
2040,3,33145,57
2040,3,90396,49
2040,4,20979,11
2040,4,105291,35
2040,4,20355,57
2040,4,51480,49
2040,5,11060,11
2040,5,72929,35
2040,5,14378,57
2040,5,27565,49
2040,6,30906,11
2040,6,176205,35
2040,6,14501,57
2040,6,91197,49
2040,7,66665,11
2040,7,311234,35
2040,7,43776,57
2040,7,128884,49
2040,8,480,11
2040,8,3688,35
2040,8,318,57
2040,8,575,49
2040,9,24810,11
2040,9,108205,35
2040,9,18032,57
2040,9,58522,49
2040,10,13375,11
2040,10,86157,35
2040,10,9519,57
2040,10,19717,49
2040,11,684,11
2040,11,671,35
2040,11,697,57
2040,11,2221,49
2040,12,11581,11
2040,12,56268,35
2040,12,8123,57
2040,12,28099,49
2041,1,13637,11
2041,1,58583,35
2041,1,8872,57
2041,1,25751,49
2041,2,21283,11
2041,2,72129,35
2041,2,14261,57
2041,2,48836,49
2041,3,46839,11
2041,3,188030,35
2041,3,33271,57
2041,3,91687,49
2041,4,21197,11
2041,4,106156,35
2041,4,20423,57
2041,4,52435,49
2041,5,11006,11
2041,5,72862,35
2041,5,14269,57
2041,5,27642,49
2041,6,31658,11
2041,6,180045,35
2041,6,14773,57
2041,6,94266,49
2041,7,67433,11
2041,7,313980,35
2041,7,44017,57
2041,7,131298,49
2041,8,479,11
2041,8,3655,35
2041,8,314,57
2041,8,572,49
2041,9,24984,11
2041,9,108904,35
2041,9,18033,57
2041,9,59503,49
2041,10,13453,11
2041,10,86225,35
2041,10,9522,57
2041,10,19970,49
2041,11,682,11
2041,11,665,35
2041,11,687,57
2041,11,2205,49
2041,12,11739,11
2041,12,56952,35
2041,12,8174,57
2041,12,28707,49
2042,1,13790,11
2042,1,58828,35
2042,1,8875,57
2042,1,26216,49
2042,2,21500,11
2042,2,72357,35
2042,2,14353,57
2042,2,49770,49
2042,3,47206,11
2042,3,189718,35
2042,3,33391,57
2042,3,93002,49
2042,4,21413,11
2042,4,107008,35
2042,4,20488,57
2042,4,53404,49
2042,5,10949,11
2042,5,72783,35
2042,5,14160,57
2042,5,27728,49
2042,6,32410,11
2042,6,183864,35
2042,6,15038,57
2042,6,97357,49
2042,7,68195,11
2042,7,316678,35
2042,7,44250,57
2042,7,133744,49
2042,8,477,11
2042,8,3622,35
2042,8,309,57
2042,8,568,49
2042,9,25161,11
2042,9,109585,35
2042,9,18036,57
2042,9,60499,49
2042,10,13529,11
2042,10,86279,35
2042,10,9524,57
2042,10,20229,49
2042,11,680,11
2042,11,659,35
2042,11,677,57
2042,11,2190,49
2042,12,11896,11
2042,12,57630,35
2042,12,8229,57
2042,12,29326,49
2043,1,13943,11
2043,1,59063,35
2043,1,8878,57
2043,1,26687,49
2043,2,21716,11
2043,2,72574,35
2043,2,14443,57
2043,2,50717,49
2043,3,47569,11
2043,3,191379,35
2043,3,33508,57
2043,3,94341,49
2043,4,21628,11
2043,4,107842,35
2043,4,20551,57
2043,4,54387,49
2043,5,10891,11
2043,5,72690,35
2043,5,14053,57
2043,5,27821,49
2043,6,33161,11
2043,6,187662,35
2043,6,15301,57
2043,6,100473,49
2043,7,68954,11
2043,7,319333,35
2043,7,44478,57
2043,7,136228,49
2043,8,476,11
2043,8,3588,35
2043,8,305,57
2043,8,564,49
2043,9,25330,11
2043,9,110254,35
2043,9,18036,57
2043,9,61509,49
2043,10,13605,11
2043,10,86318,35
2043,10,9527,57
2043,10,20493,49
2043,11,677,11
2043,11,652,35
2043,11,667,57
2043,11,2176,49
2043,12,12053,11
2043,12,58298,35
2043,12,8279,57
2043,12,29950,49
2044,1,14095,11
2044,1,59290,35
2044,1,8880,57
2044,1,27166,49
2044,2,21930,11
2044,2,72781,35
2044,2,14530,57
2044,2,51677,49
2044,3,47928,11
2044,3,193012,35
2044,3,33623,57
2044,3,95704,49
2044,4,21842,11
2044,4,108661,35
2044,4,20613,57
2044,4,55384,49
2044,5,10831,11
2044,5,72586,35
2044,5,13947,57
2044,5,27920,49
2044,6,33913,11
2044,6,191440,35
2044,6,15556,57
2044,6,103614,49
2044,7,69707,11
2044,7,321940,35
2044,7,44701,57
2044,7,138745,49
2044,8,475,11
2044,8,3553,35
2044,8,301,57
2044,8,561,49
2044,9,25498,11
2044,9,110900,35
2044,9,18037,57
2044,9,62535,49
2044,10,13679,11
2044,10,86344,35
2044,10,9529,57
2044,10,20762,49
2044,11,675,11
2044,11,645,35
2044,11,657,57
2044,11,2163,49
2044,12,12209,11
2044,12,58958,35
2044,12,8329,57
2044,12,30580,49
2045,1,14246,11
2045,1,59506,35
2045,1,8881,57
2045,1,27650,49
2045,2,22143,11
2045,2,72974,35
2045,2,14616,57
2045,2,52649,49
2045,3,48284,11
2045,3,194617,35
2045,3,33735,57
2045,3,97088,49
2045,4,22054,11
2045,4,109463,35
2045,4,20673,57
2045,4,56393,49
2045,5,10770,11
2045,5,72469,35
2045,5,13842,57
2045,5,28027,49
2045,6,34664,11
2045,6,195192,35
2045,6,15808,57
2045,6,106779,49
2045,7,70457,11
2045,7,324500,35
2045,7,44919,57
2045,7,141294,49
2045,8,473,11
2045,8,3518,35
2045,8,296,57
2045,8,557,49
2045,9,25667,11
2045,9,111535,35
2045,9,18037,57
2045,9,63577,49
2045,10,13751,11
2045,10,86356,35
2045,10,9531,57
2045,10,21036,49
2045,11,672,11
2045,11,638,35
2045,11,647,57
2045,11,2150,49
2045,12,12366,11
2045,12,59612,35
2045,12,8377,57
2045,12,31222,49
2046,1,14397,11
2046,1,59715,35
2046,1,8882,57
2046,1,28141,49
2046,2,22355,11
2046,2,73157,35
2046,2,14701,57
2046,2,53632,49
2046,3,48637,11
2046,3,196194,35
2046,3,33842,57
2046,3,98494,49
2046,4,22266,11
2046,4,110251,35
2046,4,20731,57
2046,4,57414,49
2046,5,10708,11
2046,5,72341,35
2046,5,13739,57
2046,5,28139,49
2046,6,35415,11
2046,6,198920,35
2046,6,16056,57
2046,6,109970,49
2046,7,71204,11
2046,7,327011,35
2046,7,45133,57
2046,7,143875,49
2046,8,471,11
2046,8,3482,35
2046,8,292,57
2046,8,554,49
2046,9,25830,11
2046,9,112150,35
2046,9,18034,57
2046,9,64633,49
2046,10,13823,11
2046,10,86353,35
2046,10,9532,57
2046,10,21315,49
2046,11,670,11
2046,11,632,35
2046,11,638,57
2046,11,2138,49
2046,12,12521,11
2046,12,60255,35
2046,12,8423,57
2046,12,31868,49
2047,1,14546,11
2047,1,59913,35
2047,1,8882,57
2047,1,28638,49
2047,2,22566,11
2047,2,73328,35
2047,2,14782,57
2047,2,54627,49
2047,3,48989,11
2047,3,197741,35
2047,3,33946,57
2047,3,99920,49
2047,4,22476,11
2047,4,111021,35
2047,4,20787,57
2047,4,58449,49
2047,5,10644,11
2047,5,72202,35
2047,5,13635,57
2047,5,28256,49
2047,6,36167,11
2047,6,202622,35
2047,6,16298,57
2047,6,113186,49
2047,7,71948,11
2047,7,329475,35
2047,7,45339,57
2047,7,146486,49
2047,8,470,11
2047,8,3446,35
2047,8,288,57
2047,8,550,49
2047,9,25993,11
2047,9,112747,35
2047,9,18034,57
2047,9,65698,49
2047,10,13895,11
2047,10,86338,35
2047,10,9531,57
2047,10,21597,49
2047,11,667,11
2047,11,625,35
2047,11,629,57
2047,11,2125,49
2047,12,12675,11
2047,12,60891,35
2047,12,8470,57
2047,12,32522,49
2048,1,14695,11
2048,1,60102,35
2048,1,8883,57
2048,1,29141,49
2048,2,22776,11
2048,2,73488,35
2048,2,14861,57
2048,2,55633,49
2048,3,49337,11
2048,3,199259,35
2048,3,34046,57
2048,3,101366,49
2048,4,22685,11
2048,4,111774,35
2048,4,20841,57
2048,4,59495,49
2048,5,10579,11
2048,5,72050,35
2048,5,13533,57
2048,5,28378,49
2048,6,36919,11
2048,6,206295,35
2048,6,16534,57
2048,6,116426,49
2048,7,72689,11
2048,7,331891,35
2048,7,45539,57
2048,7,149125,49
2048,8,468,11
2048,8,3409,35
2048,8,284,57
2048,8,547,49
2048,9,26155,11
2048,9,113331,35
2048,9,18030,57
2048,9,66779,49
2048,10,13965,11
2048,10,86308,35
2048,10,9531,57
2048,10,21884,49
2048,11,665,11
2048,11,618,35
2048,11,619,57
2048,11,2113,49
2048,12,12831,11
2048,12,61519,35
2048,12,8515,57
2048,12,33180,49
2049,1,14844,11
2049,1,60283,35
2049,1,8882,57
2049,1,29648,49
2049,2,22985,11
2049,2,73637,35
2049,2,14937,57
2049,2,56650,49
2049,3,49682,11
2049,3,200749,35
2049,3,34141,57
2049,3,102830,49
2049,4,22894,11
2049,4,112511,35
2049,4,20892,57
2049,4,60551,49
2049,5,10514,11
2049,5,71888,35
2049,5,13431,57
2049,5,28505,49
2049,6,37670,11
2049,6,209939,35
2049,6,16765,57
2049,6,119690,49
2049,7,73428,11
2049,7,334256,35
2049,7,45729,57
2049,7,151794,49
2049,8,466,11
2049,8,3371,35
2049,8,280,57
2049,8,544,49
2049,9,26317,11
2049,9,113896,35
2049,9,18024,57
2049,9,67874,49
2049,10,14034,11
2049,10,86266,35
2049,10,9530,57
2049,10,22175,49
2049,11,661,11
2049,11,611,35
2049,11,610,57
2049,11,2101,49
2049,12,12986,11
2049,12,62134,35
2049,12,8559,57
2049,12,33846,49
2050,1,14993,11
2050,1,60455,35
2050,1,8881,57
2050,1,30161,49
2050,2,23193,11
2050,2,73776,35
2050,2,15010,57
2050,2,57676,49
2050,3,50027,11
2050,3,202207,35
2050,3,34230,57
2050,3,104312,49
2050,4,23102,11
2050,4,113231,35
2050,4,20939,57
2050,4,61620,49
2050,5,10447,11
2050,5,71715,35
2050,5,13330,57
2050,5,28637,49
2050,6,38423,11
2050,6,213552,35
2050,6,16991,57
2050,6,122980,49
2050,7,74164,11
2050,7,336572,35
2050,7,45913,57
2050,7,154490,49
2050,8,465,11
2050,8,3333,35
2050,8,276,57
2050,8,541,49
2050,9,26476,11
2050,9,114443,35
2050,9,18014,57
2050,9,68979,49
2050,10,14104,11
2050,10,86209,35
2050,10,9528,57
2050,10,22469,49
2050,11,659,11
2050,11,603,35
2050,11,600,57
2050,11,2090,49
2050,12,13138,11
2050,12,62742,35
2050,12,8600,57
2050,12,34519,49
2051,1,15138,11
2051,1,60600,35
2051,1,8874,57
2051,1,30671,49
2051,2,23372,11
2051,2,73809,35
2051,2,15070,57
2051,2,58647,49
2051,3,50354,11
2051,3,203576,35
2051,3,34311,57
2051,3,105746,49
2051,4,23291,11
2051,4,113855,35
2051,4,20971,57
2051,4,62649,49
2051,5,10387,11
2051,5,71516,35
2051,5,13225,57
2051,5,28736,49
2051,6,39245,11
2051,6,217514,35
2051,6,17250,57
2051,6,126612,49
2051,7,74898,11
2051,7,338786,35
2051,7,46093,57
2051,7,157183,49
2051,8,463,11
2051,8,3296,35
2051,8,272,57
2051,8,538,49
2051,9,26627,11
2051,9,114937,35
2051,9,17998,57
2051,9,70049,49
2051,10,14163,11
2051,10,86082,35
2051,10,9518,57
2051,10,22735,49
2051,11,657,11
2051,11,598,35
2051,11,592,57
2051,11,2084,49
2051,12,13296,11
2051,12,63362,35
2051,12,8643,57
2051,12,35214,49
2052,1,15282,11
2052,1,60735,35
2052,1,8869,57
2052,1,31185,49
2052,2,23551,11
2052,2,73834,35
2052,2,15126,57
2052,2,59627,49
2052,3,50679,11
2052,3,204916,35
2052,3,34386,57
2052,3,107198,49
2052,4,23479,11
2052,4,114461,35
2052,4,21003,57
2052,4,63690,49
2052,5,10327,11
2052,5,71307,35
2052,5,13120,57
2052,5,28839,49
2052,6,40069,11
2052,6,221442,35
2052,6,17504,57
2052,6,130264,49
2052,7,75630,11
2052,7,340951,35
2052,7,46267,57
2052,7,159905,49
2052,8,461,11
2052,8,3259,35
2052,8,269,57
2052,8,534,49
2052,9,26775,11
2052,9,115412,35
2052,9,17983,57
2052,9,71133,49
2052,10,14221,11
2052,10,85942,35
2052,10,9506,57
2052,10,23005,49
2052,11,656,11
2052,11,592,35
2052,11,586,57
2052,11,2078,49
2052,12,13454,11
2052,12,63966,35
2052,12,8680,57
2052,12,35916,49
2053,1,15426,11
2053,1,60863,35
2053,1,8862,57
2053,1,31704,49
2053,2,23729,11
2053,2,73846,35
2053,2,15181,57
2053,2,60617,49
2053,3,51002,11
2053,3,206223,35
2053,3,34458,57
2053,3,108667,49
2053,4,23668,11
2053,4,115048,35
2053,4,21030,57
2053,4,64741,49
2053,5,10265,11
2053,5,71087,35
2053,5,13017,57
2053,5,28948,49
2053,6,40891,11
2053,6,225332,35
2053,6,17752,57
2053,6,133940,49
2053,7,76360,11
2053,7,343061,35
2053,7,46435,57
2053,7,162652,49
2053,8,459,11
2053,8,3221,35
2053,8,265,57
2053,8,532,49
2053,9,26923,11
2053,9,115871,35
2053,9,17966,57
2053,9,72224,49
2053,10,14280,11
2053,10,85787,35
2053,10,9494,57
2053,10,23278,49
2053,11,655,11
2053,11,586,35
2053,11,578,57
2053,11,2072,49
2053,12,13611,11
2053,12,64567,35
2053,12,8723,57
2053,12,36629,49
2054,1,15570,11
2054,1,60981,35
2054,1,8855,57
2054,1,32230,49
2054,2,23907,11
2054,2,73848,35
2054,2,15234,57
2054,2,61617,49
2054,3,51324,11
2054,3,207497,35
2054,3,34528,57
2054,3,110153,49
2054,4,23855,11
2054,4,115620,35
2054,4,21059,57
2054,4,65802,49
2054,5,10203,11
2054,5,70857,35
2054,5,12915,57
2054,5,29060,49
2054,6,41714,11
2054,6,229184,35
2054,6,17995,57
2054,6,137639,49
2054,7,77087,11
2054,7,345117,35
2054,7,46599,57
2054,7,165426,49
2054,8,457,11
2054,8,3183,35
2054,8,261,57
2054,8,528,49
2054,9,27073,11
2054,9,116313,35
2054,9,17948,57
2054,9,73328,49
2054,10,14338,11
2054,10,85622,35
2054,10,9482,57
2054,10,23555,49
2054,11,653,11
2054,11,580,35
2054,11,571,57
2054,11,2067,49
2054,12,13766,11
2054,12,65151,35
2054,12,8760,57
2054,12,37344,49
2055,1,15713,11
2055,1,61089,35
2055,1,8848,57
2055,1,32759,49
2055,2,24083,11
2055,2,73837,35
2055,2,15286,57
2055,2,62626,49
2055,3,51644,11
2055,3,208738,35
2055,3,34596,57
2055,3,111657,49
2055,4,24041,11
2055,4,116172,35
2055,4,21083,57
2055,4,66874,49
2055,5,10141,11
2055,5,70617,35
2055,5,12814,57
2055,5,29177,49
2055,6,42535,11
2055,6,232995,35
2055,6,18233,57
2055,6,141359,49
2055,7,77813,11
2055,7,347117,35
2055,7,46758,57
2055,7,168224,49
2055,8,455,11
2055,8,3144,35
2055,8,258,57
2055,8,526,49
2055,9,27221,11
2055,9,116735,35
2055,9,17932,57
2055,9,74444,49
2055,10,14395,11
2055,10,85444,35
2055,10,9469,57
2055,10,23835,49
2055,11,652,11
2055,11,574,35
2055,11,565,57
2055,11,2063,49
2055,12,13923,11
2055,12,65730,35
2055,12,8797,57
2055,12,38065,49
2056,1,15856,11
2056,1,61187,35
2056,1,8841,57
2056,1,33294,49
2056,2,24259,11
2056,2,73817,35
2056,2,15336,57
2056,2,63645,49
2056,3,51962,11
2056,3,209945,35
2056,3,34661,57
2056,3,113176,49
2056,4,24227,11
2056,4,116705,35
2056,4,21109,57
2056,4,67954,49
2056,5,10077,11
2056,5,70366,35
2056,5,12715,57
2056,5,29298,49
2056,6,43357,11
2056,6,236765,35
2056,6,18466,57
2056,6,145102,49
2056,7,78536,11
2056,7,349064,35
2056,7,46913,57
2056,7,171048,49
2056,8,453,11
2056,8,3105,35
2056,8,254,57
2056,8,522,49
2056,9,27365,11
2056,9,117139,35
2056,9,17914,57
2056,9,75572,49
2056,10,14452,11
2056,10,85253,35
2056,10,9457,57
2056,10,24119,49
2056,11,651,11
2056,11,567,35
2056,11,557,57
2056,11,2058,49
2056,12,14081,11
2056,12,66296,35
2056,12,8835,57
2056,12,38791,49
2057,1,15999,11
2057,1,61277,35
2057,1,8834,57
2057,1,33833,49
2057,2,24434,11
2057,2,73785,35
2057,2,15387,57
2057,2,64673,49
2057,3,52278,11
2057,3,211118,35
2057,3,34725,57
2057,3,114711,49
2057,4,24412,11
2057,4,117221,35
2057,4,21134,57
2057,4,69045,49
2057,5,10014,11
2057,5,70105,35
2057,5,12618,57
2057,5,29422,49
2057,6,44178,11
2057,6,240490,35
2057,6,18695,57
2057,6,148868,49
2057,7,79257,11
2057,7,350951,35
2057,7,47066,57
2057,7,173896,49
2057,8,451,11
2057,8,3065,35
2057,8,251,57
2057,8,520,49
2057,9,27509,11
2057,9,117524,35
2057,9,17894,57
2057,9,76707,49
2057,10,14507,11
2057,10,85049,35
2057,10,9445,57
2057,10,24406,49
2057,11,649,11
2057,11,562,35
2057,11,550,57
2057,11,2053,49
2057,12,14237,11
2057,12,66850,35
2057,12,8870,57
2057,12,39524,49
2058,1,16140,11
2058,1,61357,35
2058,1,8826,57
2058,1,34377,49
2058,2,24608,11
2058,2,73742,35
2058,2,15434,57
2058,2,65708,49
2058,3,52593,11
2058,3,212256,35
2058,3,34788,57
2058,3,116260,49
2058,4,24596,11
2058,4,117715,35
2058,4,21158,57
2058,4,70145,49
2058,5,9949,11
2058,5,69835,35
2058,5,12522,57
2058,5,29550,49
2058,6,44998,11
2058,6,244170,35
2058,6,18920,57
2058,6,152656,49
2058,7,79975,11
2058,7,352780,35
2058,7,47213,57
2058,7,176769,49
2058,8,449,11
2058,8,3026,35
2058,8,247,57
2058,8,516,49
2058,9,27652,11
2058,9,117889,35
2058,9,17877,57
2058,9,77855,49
2058,10,14563,11
2058,10,84832,35
2058,10,9433,57
2058,10,24697,49
2058,11,648,11
2058,11,555,35
2058,11,544,57
2058,11,2050,49
2058,12,14392,11
2058,12,67393,35
2058,12,8908,57
2058,12,40261,49
2059,1,16282,11
2059,1,61427,35
2059,1,8820,57
2059,1,34926,49
2059,2,24781,11
2059,2,73687,35
2059,2,15482,57
2059,2,66754,49
2059,3,52904,11
2059,3,213358,35
2059,3,34849,57
2059,3,117826,49
2059,4,24779,11
2059,4,118191,35
2059,4,21181,57
2059,4,71255,49
2059,5,9885,11
2059,5,69553,35
2059,5,12428,57
2059,5,29681,49
2059,6,45816,11
2059,6,247800,35
2059,6,19141,57
2059,6,156466,49
2059,7,80690,11
2059,7,354550,35
2059,7,47359,57
2059,7,179663,49
2059,8,447,11
2059,8,2985,35
2059,8,244,57
2059,8,514,49
2059,9,27794,11
2059,9,118238,35
2059,9,17860,57
2059,9,79012,49
2059,10,14618,11
2059,10,84603,35
2059,10,9420,57
2059,10,24990,49
2059,11,646,11
2059,11,549,35
2059,11,538,57
2059,11,2046,49
2059,12,14546,11
2059,12,67923,35
2059,12,8942,57
2059,12,41002,49
2060,1,16422,11
2060,1,61486,35
2060,1,8813,57
2060,1,35478,49
2060,2,24953,11
2060,2,73621,35
2060,2,15528,57
2060,2,67807,49
2060,3,53213,11
2060,3,214422,35
2060,3,34909,57
2060,3,119404,49
2060,4,24961,11
2060,4,118646,35
2060,4,21205,57
2060,4,72373,49
2060,5,9819,11
2060,5,69262,35
2060,5,12336,57
2060,5,29815,49
2060,6,46633,11
2060,6,251381,35
2060,6,19359,57
2060,6,160300,49
2060,7,81400,11
2060,7,356258,35
2060,7,47503,57
2060,7,182581,49
2060,8,445,11
2060,8,2945,35
2060,8,240,57
2060,8,511,49
2060,9,27936,11
2060,9,118566,35
2060,9,17842,57
2060,9,80178,49
2060,10,14672,11
2060,10,84362,35
2060,10,9409,57
2060,10,25286,49
2060,11,645,11
2060,11,542,35
2060,11,531,57
2060,11,2042,49
2060,12,14698,11
2060,12,68441,35
2060,12,8976,57
2060,12,41752,49
